,Rad/Log,Orbital,Energy,Grid No.
0,Radial,1,-0.4999946870290324,10000
1,Radial,2,-0.1249973542939308,10000
2,Radial,3,-0.05555379896479411,10000
3,Radial,6,-0.01388802145393076,10000
4,Radial,9,-0.006172268462981318,10000
5,RadialLog,1,-0.5000000007484355,657
6,RadialLog,2,-0.1250000011085857,690
7,RadialLog,3,-0.055555557384279856,710
8,RadialLog,6,-0.013888894684640048,743
9,RadialLog,9,-0.006172851935058941,763
